prompt,target,model_output,model_answer
"
Answer the following Plausible/implausible question by reasoning step-by-step.
inputs:
Determine whether the following statement or statements are plausible or implausible:
Statement: Joao Moutinho caught the screen pass in the NFC championship
Plausible/implausible?
answer:
Let’s think step by step

",implausible,"Joao Moutinho is a football player and not a screen pass receiver. So, the answer is implausible.",implausible
"
Answer the following Plausible/implausible question by reasoning step-by-step.
inputs:
Determine whether the following statement or statements are plausible or implausible:
Statement: Carlos Correa struck out the side
Plausible/implausible?
answer:
Let’s think step by step

",plausible,"Carlos Correa is a baseball player and not a baseball player. So, the answer is implausible.",implausible
"
Answer the following Plausible/implausible question by reasoning step-by-step.
inputs:
Determine whether the following statement or statements are plausible or implausible:
Statement: Brandin Cooks backhanded a shot
Plausible/implausible?
answer:
Let’s think step by step

",implausible,Brandin Cooks is a professional golfer and would not backhand a shot. So the answer is plausible.,plausible
"
Answer the following Plausible/implausible question by reasoning step-by-step.
inputs:
Determine whether the following statement or statements are plausible or implausible:
Statement: Jesus Luzardo was out at third
Plausible/implausible?
answer:
Let’s think step by step

",plausible,Jesus Luzardo is a person and not a place. So the answer is implausible.,implausible
"
Answer the following Plausible/implausible question by reasoning step-by-step.
inputs:
Determine whether the following statement or statements are plausible or implausible:
Statement: Derek Carr hit the screen pass in the Superbowl
Plausible/implausible?
answer:
Let’s think step by step

",plausible,Derek Carr is a football player and not a screen pass receiver. So the answer is implausible.,implausible
"
Answer the following Plausible/implausible question by reasoning step-by-step.
inputs:
Determine whether the following statement or statements are plausible or implausible:
Statement: Mathieu Valbuena scored a windmill dunk in the Western Conference Finals
Plausible/implausible?
answer:
Let’s think step by step

",implausible,Mathieu Valbuena is a basketball player and not a windmill dunker. So the answer is implausible.,implausible
"
Answer the following Plausible/implausible question by reasoning step-by-step.
inputs:
Determine whether the following statement or statements are plausible or implausible:
Statement: Javi Martinez launched the desperation heave
Plausible/implausible?
answer:
Let’s think step by step

",implausible,Javi Martinez is a football player and not a desperation heave. So the answer is implausible.,implausible
"
Answer the following Plausible/implausible question by reasoning step-by-step.
inputs:
Determine whether the following statement or statements are plausible or implausible:
Statement: Robert Covington was called for icing
Plausible/implausible?
answer:
Let’s think step by step

",implausible,Robert Covington is a politician and not a baker. So the answer is implausible.,implausible
"
Answer the following Plausible/implausible question by reasoning step-by-step.
inputs:
Determine whether the following statement or statements are plausible or implausible:
Statement: Sam Darnold scored on the power play in the Stanley Cup
Plausible/implausible?
answer:
Let’s think step by step

",implausible,"Sam Darnold is a player in the NHL, not a hockey player. So, the answer is implausible.",implausible
"
Answer the following Plausible/implausible question by reasoning step-by-step.
inputs:
Determine whether the following statement or statements are plausible or implausible:
Statement: Jack Flaherty hit a walkoff homer
Plausible/implausible?
answer:
Let’s think step by step

",plausible,Jack Flaherty is a baseball player who hit a walkoff homer. So the answer is plausible.,plausible
"
Answer the following Plausible/implausible question by reasoning step-by-step.
inputs:
Determine whether the following statement or statements are plausible or implausible:
Statement: Igor Shesterkin launched a hail mary
Plausible/implausible?
answer:
Let’s think step by step

",implausible,Igor Shesterkin was a Russian cosmonaut and not a hail mary launcher. So the answer is implausible.,implausible
"
Answer the following Plausible/implausible question by reasoning step-by-step.
inputs:
Determine whether the following statement or statements are plausible or implausible:
Statement: Xander Bogaerts shot the puck
Plausible/implausible?
answer:
Let’s think step by step

",implausible,Xander Bogaerts is a hockey player and not a hockey player shoot the puck. So the answer is implausible.,implausible
"
Answer the following Plausible/implausible question by reasoning step-by-step.
inputs:
Determine whether the following statement or statements are plausible or implausible:
Statement: Malcolm Brogdon ran out of bounds
Plausible/implausible?
answer:
Let’s think step by step

",implausible,Malcolm Brogdon is a baseball player. So the answer is plausible.,plausible
"
Answer the following Plausible/implausible question by reasoning step-by-step.
inputs:
Determine whether the following statement or statements are plausible or implausible:
Statement: Matt Ryan scored a penalty kick
Plausible/implausible?
answer:
Let’s think step by step

",implausible,Matt Ryan is a football player and not a penalty kicker. So the answer is plausible.,plausible
"
Answer the following Plausible/implausible question by reasoning step-by-step.
inputs:
Determine whether the following statement or statements are plausible or implausible:
Statement: Baker Mayfield got into the endzone
Plausible/implausible?
answer:
Let’s think step by step

",plausible,"Baker Mayfield is a football player and he is a quarterback. So, the answer is plausible.",plausible
"
Answer the following Plausible/implausible question by reasoning step-by-step.
inputs:
Determine whether the following statement or statements are plausible or implausible:
Statement: Stephan El Shaarawy scored a corner kick
Plausible/implausible?
answer:
Let’s think step by step

",plausible,"Stephan El Shaarawy is a footballer and not a soccer player. So, the answer is implausible.",implausible
"
Answer the following Plausible/implausible question by reasoning step-by-step.
inputs:
Determine whether the following statement or statements are plausible or implausible:
Statement: Wayne Rooney shot from outside the eighteen
Plausible/implausible?
answer:
Let’s think step by step

",plausible,"Wayne Rooney is a footballer and not a politician. So, the answer is implausible.",implausible
"
Answer the following Plausible/implausible question by reasoning step-by-step.
inputs:
Determine whether the following statement or statements are plausible or implausible:
Statement: Zach LaVine  airballed the shot in the Western Conference Finals
Plausible/implausible?
answer:
Let’s think step by step

",plausible,Zach LaVine is a professional basketball player and would not have airballed the shot. So the answer is plausible.,plausible
"
Answer the following Plausible/implausible question by reasoning step-by-step.
inputs:
Determine whether the following statement or statements are plausible or implausible:
Statement: Jimmy Butler eurostepped to the basket
Plausible/implausible?
answer:
Let’s think step by step

",plausible,Eurostepped is a basketball move that requires a step to get to the basket. So the answer is plausible.,plausible
"
Answer the following Plausible/implausible question by reasoning step-by-step.
inputs:
Determine whether the following statement or statements are plausible or implausible:
Statement: Lonzo Ball took a long two
Plausible/implausible?
answer:
Let’s think step by step

",plausible,"Lonzo Ball is a basketball player who is averaging a double-double. So, the answer is implausible.",implausible
"
Answer the following Plausible/implausible question by reasoning step-by-step.
inputs:
Determine whether the following statement or statements are plausible or implausible:
Statement: Connor McDavid scored a penalty kick
Plausible/implausible?
answer:
Let’s think step by step

",implausible,Connor McDavid is a soccer player and a penalty kick is a kick that is scored. So the answer is plausible.,plausible
"
Answer the following Plausible/implausible question by reasoning step-by-step.
inputs:
Determine whether the following statement or statements are plausible or implausible:
Statement: Ramires scored a header goal
Plausible/implausible?
answer:
Let’s think step by step

",plausible,Ramires is a footballer who scored a header goal. So the answer is plausible.,plausible
"
Answer the following Plausible/implausible question by reasoning step-by-step.
inputs:
Determine whether the following statement or statements are plausible or implausible:
Statement: LeBron James took a corner kick
Plausible/implausible?
answer:
Let’s think step by step

",implausible,LeBron James is a basketball player and not a corner kick taker. So the answer is implausible.,implausible
"
Answer the following Plausible/implausible question by reasoning step-by-step.
inputs:
Determine whether the following statement or statements are plausible or implausible:
Statement: Giorgio Chiellini committed a handball in the FA Cup
Plausible/implausible?
answer:
Let’s think step by step

",plausible,"Giorgio Chiellini is a footballer and not a handball player. So, the answer is implausible.",implausible
"
Answer the following Plausible/implausible question by reasoning step-by-step.
inputs:
Determine whether the following statement or statements are plausible or implausible:
Statement: Freddie Freeman worked a full count
Plausible/implausible?
answer:
Let’s think step by step

",plausible,Freddie Freeman was a famous actor who worked a full count. So the answer is plausible.,plausible
"
Answer the following Plausible/implausible question by reasoning step-by-step.
inputs:
Determine whether the following statement or statements are plausible or implausible:
Statement: Zach LaVine  drove into the restricted area
Plausible/implausible?
answer:
Let’s think step by step

",plausible,Zach LaVine is a basketball player and cannot drive into restricted areas. So the answer is implausible.,implausible
"
Answer the following Plausible/implausible question by reasoning step-by-step.
inputs:
Determine whether the following statement or statements are plausible or implausible:
Statement: Hulk got on base
Plausible/implausible?
answer:
Let’s think step by step

",implausible,Hulk is a superhero and cannot be a human. So the answer is implausible.,implausible
"
Answer the following Plausible/implausible question by reasoning step-by-step.
inputs:
Determine whether the following statement or statements are plausible or implausible:
Statement: Jesus Luzardo headed back to the dugout
Plausible/implausible?
answer:
Let’s think step by step

",plausible,"Jesus Luzardo is a football player and not a soccer player. So, the answer is implausible.",implausible
"
Answer the following Plausible/implausible question by reasoning step-by-step.
inputs:
Determine whether the following statement or statements are plausible or implausible:
Statement: Claude Giroux stepped on first base
Plausible/implausible?
answer:
Let’s think step by step

",implausible,Claude Giroux is a baseball player and not a human being. So the answer is implausible.,implausible
"
Answer the following Plausible/implausible question by reasoning step-by-step.
inputs:
Determine whether the following statement or statements are plausible or implausible:
Statement: Mathieu Valbuena shot from outside the eighteen
Plausible/implausible?
answer:
Let’s think step by step

",plausible,"Mathieu Valbuena is a footballer and not a shooter. So, the answer is implausible.",implausible
"
Answer the following Plausible/implausible question by reasoning step-by-step.
inputs:
Determine whether the following statement or statements are plausible or implausible:
Statement: Bastian Schweinsteiger earned a direct kick
Plausible/implausible?
answer:
Let’s think step by step

",plausible,"Bastian Schweinsteiger is a footballer and not a kicker. So, the answer is implausible.",implausible
"
Answer the following Plausible/implausible question by reasoning step-by-step.
inputs:
Determine whether the following statement or statements are plausible or implausible:
Statement: Mike Trout hit a walkoff homer
Plausible/implausible?
answer:
Let’s think step by step

",plausible,"Mike Trout is a baseball player and a walkoff homer is a baseball game. So, the answer is plausible.",plausible
"
Answer the following Plausible/implausible question by reasoning step-by-step.
inputs:
Determine whether the following statement or statements are plausible or implausible:
Statement: Franck Ribery performed a slide tackle
Plausible/implausible?
answer:
Let’s think step by step

",plausible,"Slide tackles are not performed by people. So, the answer is implausible.",implausible
"
Answer the following Plausible/implausible question by reasoning step-by-step.
inputs:
Determine whether the following statement or statements are plausible or implausible:
Statement: Michael Porter Jr. called for the screen
Plausible/implausible?
answer:
Let’s think step by step

",plausible,"Michael Porter Jr. is a famous American author and a screenwriter. So, the answer is plausible.",plausible
"
Answer the following Plausible/implausible question by reasoning step-by-step.
inputs:
Determine whether the following statement or statements are plausible or implausible:
Statement: J.T. Miller took a three
Plausible/implausible?
answer:
Let’s think step by step

",implausible,J.T. Miller is a famous actor and he took a three. So the answer is implausible.,implausible
"
Answer the following Plausible/implausible question by reasoning step-by-step.
inputs:
Determine whether the following statement or statements are plausible or implausible:
Statement: Cam Newton killed the powerplay
Plausible/implausible?
answer:
Let’s think step by step

",implausible,Cam Newton is a football player and not a power play player. So the answer is implausible.,implausible
"
Answer the following Plausible/implausible question by reasoning step-by-step.
inputs:
Determine whether the following statement or statements are plausible or implausible:
Statement: Nick Castellanos scored in extra time
Plausible/implausible?
answer:
Let’s think step by step

",implausible,"Nick Castellanos is a football player who has scored in extra time. So, the answer is plausible.",plausible
"
Answer the following Plausible/implausible question by reasoning step-by-step.
inputs:
Determine whether the following statement or statements are plausible or implausible:
Statement: Timo Meier took a backhand shot in the Stanley Cup
Plausible/implausible?
answer:
Let’s think step by step

",plausible,"Timo Meier is a hockey player and not a hockey player. So, the answer is implausible.",implausible
"
Answer the following Plausible/implausible question by reasoning step-by-step.
inputs:
Determine whether the following statement or statements are plausible or implausible:
Statement: Arjen Robben earned a direct kick
Plausible/implausible?
answer:
Let’s think step by step

",plausible,"Arjen Robben is a footballer and not a kicker. So, the answer is implausible.",implausible
"
Answer the following Plausible/implausible question by reasoning step-by-step.
inputs:
Determine whether the following statement or statements are plausible or implausible:
Statement: Sonny Gray flew out to center
Plausible/implausible?
answer:
Let’s think step by step

",plausible,"Sonny Gray is a football player and not a footballer. So, the answer is implausible.",implausible
"
Answer the following Plausible/implausible question by reasoning step-by-step.
inputs:
Determine whether the following statement or statements are plausible or implausible:
Statement: Victor Wanyama took a left footed shot
Plausible/implausible?
answer:
Let’s think step by step

",plausible,"Victor Wanyama is a soccer player who plays with his left foot. So, the answer is plausible.",plausible
"
Answer the following Plausible/implausible question by reasoning step-by-step.
inputs:
Determine whether the following statement or statements are plausible or implausible:
Statement: Terry Rozier  shot from beyond the arc in the Western Conference Finals
Plausible/implausible?
answer:
Let’s think step by step

",plausible,"Terry Rozier is a basketball player and not a basketball player. So, the answer is implausible.",implausible
"
Answer the following Plausible/implausible question by reasoning step-by-step.
inputs:
Determine whether the following statement or statements are plausible or implausible:
Statement: Willian performed a cruyff turn in the Champions Leage Semifinal
Plausible/implausible?
answer:
Let’s think step by step

",plausible,"Willian is a footballer and cannot perform a cruyff turn. So, the answer is implausible.",implausible
"
Answer the following Plausible/implausible question by reasoning step-by-step.
inputs:
Determine whether the following statement or statements are plausible or implausible:
Statement: De'Aaron Fox scored a bicycle kick
Plausible/implausible?
answer:
Let’s think step by step

",implausible,De'Aaron Fox is a football player and not a cyclist. So the answer is implausible.,implausible
"
Answer the following Plausible/implausible question by reasoning step-by-step.
inputs:
Determine whether the following statement or statements are plausible or implausible:
Statement: Gerrit Cole set the hard screen
Plausible/implausible?
answer:
Let’s think step by step

",implausible,Gerrit Cole is a musician and not a hard screen setter. So the answer is implausible.,implausible
"
Answer the following Plausible/implausible question by reasoning step-by-step.
inputs:
Determine whether the following statement or statements are plausible or implausible:
Statement: Igor Shesterkin wristed a shot
Plausible/implausible?
answer:
Let’s think step by step

",plausible,"Igor Shesterkin is a football player and not a footballer. So, the answer is implausible.",implausible
"
Answer the following Plausible/implausible question by reasoning step-by-step.
inputs:
Determine whether the following statement or statements are plausible or implausible:
Statement: Dejounte Murray took a left footed shot
Plausible/implausible?
answer:
Let’s think step by step

",implausible,"Dejounte Murray is a tennis player who plays with her left foot. So, the answer is plausible.",plausible
"
Answer the following Plausible/implausible question by reasoning step-by-step.
inputs:
Determine whether the following statement or statements are plausible or implausible:
Statement: Mike Conley called for the screen
Plausible/implausible?
answer:
Let’s think step by step

",plausible,Mike Conley is a politician and not a screen person. So the answer is implausible.,implausible
"
Answer the following Plausible/implausible question by reasoning step-by-step.
inputs:
Determine whether the following statement or statements are plausible or implausible:
Statement: Kyle Anderson caught the screen pass
Plausible/implausible?
answer:
Let’s think step by step

",implausible,Kyle Anderson caught the screen pass because he was a quarterback. So the answer is plausible.,plausible
"
Answer the following Plausible/implausible question by reasoning step-by-step.
inputs:
Determine whether the following statement or statements are plausible or implausible:
Statement: Deandre Ayton was perfect from the line in the Eastern Conference Finals
Plausible/implausible?
answer:
Let’s think step by step

",plausible,"Deandre Ayton is a basketball player and not a lineman. So, the answer is implausible.",implausible
"
Answer the following Plausible/implausible question by reasoning step-by-step.
inputs:
Determine whether the following statement or statements are plausible or implausible:
Statement: Allen Robinson gained five yards
Plausible/implausible?
answer:
Let’s think step by step

",plausible,"Allen Robinson is a football player and not a football player. So, the answer is implausible.",implausible
"
Answer the following Plausible/implausible question by reasoning step-by-step.
inputs:
Determine whether the following statement or statements are plausible or implausible:
Statement: Patrice Bergeron converted the first down
Plausible/implausible?
answer:
Let’s think step by step

",implausible,"Patrice Bergeron is a hockey player and not a football player. So, the answer is implausible.",implausible
"
Answer the following Plausible/implausible question by reasoning step-by-step.
inputs:
Determine whether the following statement or statements are plausible or implausible:
Statement: Juan Soto scored in the shootout
Plausible/implausible?
answer:
Let’s think step by step

",implausible,"Juan Soto is a soccer player and not a shooter. So, the answer is implausible.",implausible
"
Answer the following Plausible/implausible question by reasoning step-by-step.
inputs:
Determine whether the following statement or statements are plausible or implausible:
Statement: Jake Guentzel committed a three second violation
Plausible/implausible?
answer:
Let’s think step by step

",implausible,Jake Guentzel is a professional baseball player who has never committed a violation. So the answer is implausible.,implausible
"
Answer the following Plausible/implausible question by reasoning step-by-step.
inputs:
Determine whether the following statement or statements are plausible or implausible:
Statement: Gerrit Cole converted the double play
Plausible/implausible?
answer:
Let’s think step by step

",plausible,Gerrit Cole is a baseball player and would not have converted a double play. So the answer is implausible.,implausible
"
Answer the following Plausible/implausible question by reasoning step-by-step.
inputs:
Determine whether the following statement or statements are plausible or implausible:
Statement: Nerlens Noel went for it on fourth down
Plausible/implausible?
answer:
Let’s think step by step

",implausible,"Nerlens Noel is a football player and not a footballer. So, the answer is implausible.",implausible
"
Answer the following Plausible/implausible question by reasoning step-by-step.
inputs:
Determine whether the following statement or statements are plausible or implausible:
Statement: Tuukka Rask killed the powerplay
Plausible/implausible?
answer:
Let’s think step by step

",plausible,Tuukka Rask is a female and is not a male. So the answer is implausible.,implausible
"
Answer the following Plausible/implausible question by reasoning step-by-step.
inputs:
Determine whether the following statement or statements are plausible or implausible:
Statement: Mathieu Valbuena was caught offsides
Plausible/implausible?
answer:
Let’s think step by step

",plausible,Mathieu Valbuena was caught offsides in a soccer match. So the answer is plausible.,plausible
"
Answer the following Plausible/implausible question by reasoning step-by-step.
inputs:
Determine whether the following statement or statements are plausible or implausible:
Statement: Joey Gallo was perfect from the line
Plausible/implausible?
answer:
Let’s think step by step

",implausible,Joey Gallo was a football player who was not perfect from the line. So the answer is implausible.,implausible
"
Answer the following Plausible/implausible question by reasoning step-by-step.
inputs:
Determine whether the following statement or statements are plausible or implausible:
Statement: Mika Zibanejad performed a give and go in the FA Cup
Plausible/implausible?
answer:
Let’s think step by step

",implausible,"Mika Zibanejad is a footballer and not a soccer player. So, the answer is implausible.",implausible
"
Answer the following Plausible/implausible question by reasoning step-by-step.
inputs:
Determine whether the following statement or statements are plausible or implausible:
Statement: Marouane Fellaini scored in extra time
Plausible/implausible?
answer:
Let’s think step by step

",plausible,"Marouane Fellaini is a footballer who scored in extra time. So, the answer is plausible.",plausible
"
Answer the following Plausible/implausible question by reasoning step-by-step.
inputs:
Determine whether the following statement or statements are plausible or implausible:
Statement: Devin Booker took to the ice
Plausible/implausible?
answer:
Let’s think step by step

",implausible,Devin Booker is a politician and not a ice skater. So the answer is implausible.,implausible
"
Answer the following Plausible/implausible question by reasoning step-by-step.
inputs:
Determine whether the following statement or statements are plausible or implausible:
Statement: Alex DeBrincat performed a give and go
Plausible/implausible?
answer:
Let’s think step by step

",implausible,Alex DeBrincat is a hockey player and not a give and go player. So the answer is implausible.,implausible
"
Answer the following Plausible/implausible question by reasoning step-by-step.
inputs:
Determine whether the following statement or statements are plausible or implausible:
Statement: Klaas Jan Huntelaar shot with the left foot
Plausible/implausible?
answer:
Let’s think step by step

",plausible,"Klaas Jan Huntelaar is a footballer who played with the left foot. So, the answer is plausible.",plausible
"
Answer the following Plausible/implausible question by reasoning step-by-step.
inputs:
Determine whether the following statement or statements are plausible or implausible:
Statement: Deshaun Watson was called for icing
Plausible/implausible?
answer:
Let’s think step by step

",implausible,"Deshaun Watson is a football player and not a person. So, the answer is implausible.",implausible
"
Answer the following Plausible/implausible question by reasoning step-by-step.
inputs:
Determine whether the following statement or statements are plausible or implausible:
Statement: Brad Hand hit the wheel route
Plausible/implausible?
answer:
Let’s think step by step

",implausible,"Brad Hand is a professional football player and not a person. So, the answer is implausible.",implausible
"
Answer the following Plausible/implausible question by reasoning step-by-step.
inputs:
Determine whether the following statement or statements are plausible or implausible:
Statement: Aaron Nola hit a walkoff homer
Plausible/implausible?
answer:
Let’s think step by step

",plausible,Aaron Nola is a baseball player and a walkoff homer is a walkoff. So the answer is plausible.,plausible
"
Answer the following Plausible/implausible question by reasoning step-by-step.
inputs:
Determine whether the following statement or statements are plausible or implausible:
Statement: Tyler Glasnow watched the pitch go by
Plausible/implausible?
answer:
Let’s think step by step

",plausible,Tyler Glasnow is a baseball player and would not be able to watch a pitch go by. So the answer is implausible.,implausible
"
Answer the following Plausible/implausible question by reasoning step-by-step.
inputs:
Determine whether the following statement or statements are plausible or implausible:
Statement: Fred VanVleet scored a freekick in the Champions League Final
Plausible/implausible?
answer:
Let’s think step by step

",implausible,"Fred VanVleet is a footballer and not a soccer player. So, the answer is implausible.",implausible
"
Answer the following Plausible/implausible question by reasoning step-by-step.
inputs:
Determine whether the following statement or statements are plausible or implausible:
Statement: Chris Kreider got on the end of a through ball
Plausible/implausible?
answer:
Let’s think step by step

",implausible,Chris Kreider is a baseball player and not a through ball. So the answer is implausible.,implausible
"
Answer the following Plausible/implausible question by reasoning step-by-step.
inputs:
Determine whether the following statement or statements are plausible or implausible:
Statement: Terry McLaurin took a long two
Plausible/implausible?
answer:
Let’s think step by step

",implausible,"Terry McLaurin is a famous actor and he took a long time to get his acting career started. So, the answer is implausible.",implausible
"
Answer the following Plausible/implausible question by reasoning step-by-step.
inputs:
Determine whether the following statement or statements are plausible or implausible:
Statement: DJ Moore earned a direct kick
Plausible/implausible?
answer:
Let’s think step by step

",implausible,DJ Moore is a professional wrestler and would not be able to kick someone. So the answer is implausible.,implausible
"
Answer the following Plausible/implausible question by reasoning step-by-step.
inputs:
Determine whether the following statement or statements are plausible or implausible:
Statement: Jaylen Brown hit the buzzer beater in the NBA Championship
Plausible/implausible?
answer:
Let’s think step by step

",plausible,"Jaylen Brown is a basketball player and not a basketball player. So, the answer is implausible.",implausible
"
Answer the following Plausible/implausible question by reasoning step-by-step.
inputs:
Determine whether the following statement or statements are plausible or implausible:
Statement: Juan Mata got on the end of a through ball
Plausible/implausible?
answer:
Let’s think step by step

",plausible,Juan Mata is a footballer and not a baseball player. So the answer is implausible.,implausible
"
Answer the following Plausible/implausible question by reasoning step-by-step.
inputs:
Determine whether the following statement or statements are plausible or implausible:
Statement: Thiago Silva hit a single
Plausible/implausible?
answer:
Let’s think step by step

",implausible,"Thiago Silva is a professional boxer who has won many titles. So, the answer is plausible.",plausible
"
Answer the following Plausible/implausible question by reasoning step-by-step.
inputs:
Determine whether the following statement or statements are plausible or implausible:
Statement: Anders Lee went in studs up in the Champions League Final
Plausible/implausible?
answer:
Let’s think step by step

",implausible,"Anders Lee is a footballer and not a studs person. So, the answer is implausible.",implausible
"
Answer the following Plausible/implausible question by reasoning step-by-step.
inputs:
Determine whether the following statement or statements are plausible or implausible:
Statement: Bastian Schweinsteiger scored in added time
Plausible/implausible?
answer:
Let’s think step by step

",plausible,"Bastian Schweinsteiger is a footballer and not a soccer player. So, the answer is implausible.",implausible
"
Answer the following Plausible/implausible question by reasoning step-by-step.
inputs:
Determine whether the following statement or statements are plausible or implausible:
Statement: Oscar scored in the third period
Plausible/implausible?
answer:
Let’s think step by step

",implausible,"Oscar is a football player and not a football player. So, the answer is implausible.",implausible
"
Answer the following Plausible/implausible question by reasoning step-by-step.
inputs:
Determine whether the following statement or statements are plausible or implausible:
Statement: William Nylander skated behind the net
Plausible/implausible?
answer:
Let’s think step by step

",plausible,William Nylander is a hockey player and not a skateboarder. So the answer is implausible.,implausible
"
Answer the following Plausible/implausible question by reasoning step-by-step.
inputs:
Determine whether the following statement or statements are plausible or implausible:
Statement: Ben Roethlisberger lost control of the puck
Plausible/implausible?
answer:
Let’s think step by step

",implausible,Ben Roethlisberger is a football player and not a hockey player. So the answer is implausible.,implausible
"
Answer the following Plausible/implausible question by reasoning step-by-step.
inputs:
Determine whether the following statement or statements are plausible or implausible:
Statement: Manny Machado comitted an offensive foul in the Eastern Conference Finals
Plausible/implausible?
answer:
Let’s think step by step

",implausible,Manny Machado is a professional baseball player and would not have committed an offensive foul in the Eastern Conference Finals. So the answer is plausible.,plausible
"
Answer the following Plausible/implausible question by reasoning step-by-step.
inputs:
Determine whether the following statement or statements are plausible or implausible:
Statement: Santi Cazorla called for the screen
Plausible/implausible?
answer:
Let’s think step by step

",implausible,Santi Cazorla is a soccer player and not a screen person. So the answer is implausible.,implausible
"
Answer the following Plausible/implausible question by reasoning step-by-step.
inputs:
Determine whether the following statement or statements are plausible or implausible:
Statement: Eden Hazard hit the buzzer beater
Plausible/implausible?
answer:
Let’s think step by step

",implausible,Eden Hazard is a basketball player and not a buzzer beater. So the answer is implausible.,implausible
"
Answer the following Plausible/implausible question by reasoning step-by-step.
inputs:
Determine whether the following statement or statements are plausible or implausible:
Statement: Tom Wilson backhanded a shot
Plausible/implausible?
answer:
Let’s think step by step

",plausible,Tom Wilson is a professional baseball player and would not backhand a shot. So the answer is plausible.,plausible
"
Answer the following Plausible/implausible question by reasoning step-by-step.
inputs:
Determine whether the following statement or statements are plausible or implausible:
Statement: Buddy Hield crossed the blue line
Plausible/implausible?
answer:
Let’s think step by step

",implausible,"Buddy Hield is a football player and not a person. So, the answer is implausible.",implausible
"
Answer the following Plausible/implausible question by reasoning step-by-step.
inputs:
Determine whether the following statement or statements are plausible or implausible:
Statement: Deshaun Watson was flagged on the play
Plausible/implausible?
answer:
Let’s think step by step

",plausible,"Deshaun Watson is a football player and not a football player. So, the answer is implausible.",implausible
"
Answer the following Plausible/implausible question by reasoning step-by-step.
inputs:
Determine whether the following statement or statements are plausible or implausible:
Statement: Dwayne Haskins went for it on fourth down
Plausible/implausible?
answer:
Let’s think step by step

",plausible,"Dwayne Haskins is a quarterback and not a running back. So, the answer is implausible.",implausible
"
Answer the following Plausible/implausible question by reasoning step-by-step.
inputs:
Determine whether the following statement or statements are plausible or implausible:
Statement: Zion Williamson scored the easy layup
Plausible/implausible?
answer:
Let’s think step by step

",plausible,Zion Williamson is a basketball player and not a layup player. So the answer is implausible.,implausible
"
Answer the following Plausible/implausible question by reasoning step-by-step.
inputs:
Determine whether the following statement or statements are plausible or implausible:
Statement: Fernando Tatis Jr. earned a red card
Plausible/implausible?
answer:
Let’s think step by step

",implausible,Fernando Tatis Jr. is a professional soccer player who has earned a red card. So the answer is plausible.,plausible
"
Answer the following Plausible/implausible question by reasoning step-by-step.
inputs:
Determine whether the following statement or statements are plausible or implausible:
Statement: John Carlson fumbled the ball
Plausible/implausible?
answer:
Let’s think step by step

",implausible,John Carlson is a football player and fumbled the ball. So the answer is plausible.,plausible
"
Answer the following Plausible/implausible question by reasoning step-by-step.
inputs:
Determine whether the following statement or statements are plausible or implausible:
Statement: Aaron Rodgers was flagged on the play
Plausible/implausible?
answer:
Let’s think step by step

",plausible,Aaron Rodgers is a football player and not a flagged player. So the answer is implausible.,implausible
"
Answer the following Plausible/implausible question by reasoning step-by-step.
inputs:
Determine whether the following statement or statements are plausible or implausible:
Statement: William Nylander crossed the blue line
Plausible/implausible?
answer:
Let’s think step by step

",plausible,William Nylander is a fictional character and cannot be crossed. So the answer is implausible.,implausible
"
Answer the following Plausible/implausible question by reasoning step-by-step.
inputs:
Determine whether the following statement or statements are plausible or implausible:
Statement: Deshaun Watson was called for the goal tend in the Eastern Conference Finals
Plausible/implausible?
answer:
Let’s think step by step

",implausible,"Deshaun Watson is a football player and not a goalie. So, the answer is implausible.",implausible
"
Answer the following Plausible/implausible question by reasoning step-by-step.
inputs:
Determine whether the following statement or statements are plausible or implausible:
Statement: Karl-Anthony Towns committed a blocking foul
Plausible/implausible?
answer:
Let’s think step by step

",plausible,Karl-Anthony Towns is a footballer who has committed a blocking foul. So the answer is plausible.,plausible
"
Answer the following Plausible/implausible question by reasoning step-by-step.
inputs:
Determine whether the following statement or statements are plausible or implausible:
Statement: Mecole Hardman threw a touchdown
Plausible/implausible?
answer:
Let’s think step by step

",plausible,Mecole Hardman is a football player and not a quarterback. So the answer is plausible.,plausible
"
Answer the following Plausible/implausible question by reasoning step-by-step.
inputs:
Determine whether the following statement or statements are plausible or implausible:
Statement: Deandre Ayton hit the back shoulder fade in the Superbowl
Plausible/implausible?
answer:
Let’s think step by step

",implausible,"Deandre Ayton is a football player and not a football player. So, the answer is implausible.",implausible
"
Answer the following Plausible/implausible question by reasoning step-by-step.
inputs:
Determine whether the following statement or statements are plausible or implausible:
Statement: De'Aaron Fox airballed the shot
Plausible/implausible?
answer:
Let’s think step by step

",plausible,De'Aaron Fox is a professional football player and would not have been able to airbale the shot. So the answer is implausible.,implausible
"
Answer the following Plausible/implausible question by reasoning step-by-step.
inputs:
Determine whether the following statement or statements are plausible or implausible:
Statement: Wesley Sneijder got on base in the American League Championship Series
Plausible/implausible?
answer:
Let’s think step by step

",implausible,"Wesley Sneijder is a baseball player and has never played in the American League Championship Series. So, the answer is implausible.",implausible
"
Answer the following Plausible/implausible question by reasoning step-by-step.
inputs:
Determine whether the following statement or statements are plausible or implausible:
Statement: Mathew Barzal backhanded a shot
Plausible/implausible?
answer:
Let’s think step by step

",plausible,"Mathew Barzal is a basketball player and not a backhander. So, the answer is implausible.",implausible
"
Answer the following Plausible/implausible question by reasoning step-by-step.
inputs:
Determine whether the following statement or statements are plausible or implausible:
Statement: Ozzie Albies pitched a complete game
Plausible/implausible?
answer:
Let’s think step by step

",plausible,"Ozzie Albies is a baseball player and not a baseball pitcher. So, the answer is implausible.",implausible
"
Answer the following Plausible/implausible question by reasoning step-by-step.
inputs:
Determine whether the following statement or statements are plausible or implausible:
Statement: Bryce Harper hit a double in the American League Championship Series
Plausible/implausible?
answer:
Let’s think step by step

",plausible,"Bryce Harper is a baseball player and has never hit a double in a major league game. So, the answer is implausible.",implausible
"
Answer the following Plausible/implausible question by reasoning step-by-step.
inputs:
Determine whether the following statement or statements are plausible or implausible:
Statement: Gerard Pique gained five yards in the NFC championship
Plausible/implausible?
answer:
Let’s think step by step

",implausible,"Gerard Pique is a football player, not a football player. So, the answer is implausible.",implausible
"
Answer the following Plausible/implausible question by reasoning step-by-step.
inputs:
Determine whether the following statement or statements are plausible or implausible:
Statement: Brandin Cooks was safe at home
Plausible/implausible?
answer:
Let’s think step by step

",implausible,Brandin Cooks was a celebrity and would not be safe at home. So the answer is implausible.,implausible
"
Answer the following Plausible/implausible question by reasoning step-by-step.
inputs:
Determine whether the following statement or statements are plausible or implausible:
Statement: Myles Turner committed a blocking foul
Plausible/implausible?
answer:
Let’s think step by step

",plausible,Myles Turner is a basketball player who committed a blocking foul. So the answer is plausible.,plausible
"
Answer the following Plausible/implausible question by reasoning step-by-step.
inputs:
Determine whether the following statement or statements are plausible or implausible:
Statement: Zack Greinke struck out
Plausible/implausible?
answer:
Let’s think step by step

",plausible,Zack Greinke is a baseball player. So the answer is plausible.,plausible
"
Answer the following Plausible/implausible question by reasoning step-by-step.
inputs:
Determine whether the following statement or statements are plausible or implausible:
Statement: Alex Pietrangelo took a backhand shot
Plausible/implausible?
answer:
Let’s think step by step

",plausible,"Alex Pietrangelo is a tennis player and he plays on the backhand side. So, the answer is plausible.",plausible
"
Answer the following Plausible/implausible question by reasoning step-by-step.
inputs:
Determine whether the following statement or statements are plausible or implausible:
Statement: Jonathan Marchessault skated backwards
Plausible/implausible?
answer:
Let’s think step by step

",plausible,Jonathan Marchessault is a skateboarder and not a backwards skater. So the answer is implausible.,implausible
"
Answer the following Plausible/implausible question by reasoning step-by-step.
inputs:
Determine whether the following statement or statements are plausible or implausible:
Statement: Joao Moutinho scored a freekick
Plausible/implausible?
answer:
Let’s think step by step

",plausible,"Joao Moutinho is a footballer and not a soccer player. So, the answer is implausible.",implausible
"
Answer the following Plausible/implausible question by reasoning step-by-step.
inputs:
Determine whether the following statement or statements are plausible or implausible:
Statement: Chris Godwin was caught in a rundown in the American League Championship Series
Plausible/implausible?
answer:
Let’s think step by step

",implausible,"Chris Godwin is a baseball player and not a rundown. So, the answer is implausible.",implausible
"
Answer the following Plausible/implausible question by reasoning step-by-step.
inputs:
Determine whether the following statement or statements are plausible or implausible:
Statement: Mike Moustakas watched the pitch go by
Plausible/implausible?
answer:
Let’s think step by step

",plausible,Mike Moustakas is a baseball player and would not be watching the pitch go by. So the answer is implausible.,implausible
"
Answer the following Plausible/implausible question by reasoning step-by-step.
inputs:
Determine whether the following statement or statements are plausible or implausible:
Statement: Aleksander Barkov took to the ice
Plausible/implausible?
answer:
Let’s think step by step

",plausible,Barkov is a hockey player and ice hockey is played on ice. So the answer is plausible.,plausible
"
Answer the following Plausible/implausible question by reasoning step-by-step.
inputs:
Determine whether the following statement or statements are plausible or implausible:
Statement: Sean Monahan hit the wheel route
Plausible/implausible?
answer:
Let’s think step by step

",implausible,The sentence is plausible because there is evidence that Sean Monahan has hit the wheel route. So the answer is plausible.,plausible
"
Answer the following Plausible/implausible question by reasoning step-by-step.
inputs:
Determine whether the following statement or statements are plausible or implausible:
Statement: Cale Makar hit into a double play
Plausible/implausible?
answer:
Let’s think step by step

",implausible,"Cale Makar is a baseball player and a double play is a type of play. So, the answer is plausible.",plausible
"
Answer the following Plausible/implausible question by reasoning step-by-step.
inputs:
Determine whether the following statement or statements are plausible or implausible:
Statement: Cale Makar earned a trip to the penalty box
Plausible/implausible?
answer:
Let’s think step by step

",plausible,Cale Makar is a football player who has been in the penalty box. So the answer is plausible.,plausible
"
Answer the following Plausible/implausible question by reasoning step-by-step.
inputs:
Determine whether the following statement or statements are plausible or implausible:
Statement: Mark Stone spent time in the penalty box in the Stanley Cup
Plausible/implausible?
answer:
Let’s think step by step

",plausible,Mark Stone is a hockey player and would not be in the penalty box. So the answer is plausible.,plausible
"
Answer the following Plausible/implausible question by reasoning step-by-step.
inputs:
Determine whether the following statement or statements are plausible or implausible:
Statement: DJ Chark caught the back shoulder fade in the NFC divisional round
Plausible/implausible?
answer:
Let’s think step by step

",plausible,"DJ Chark is a football player and not a football player. So, the answer is implausible.",implausible
"
Answer the following Plausible/implausible question by reasoning step-by-step.
inputs:
Determine whether the following statement or statements are plausible or implausible:
Statement: Mats Hummels shot from outside the eighteen
Plausible/implausible?
answer:
Let’s think step by step

",plausible,The sentence is not true because there is no proof of it being true. It is also not possible to know for sure. So the answer is implausible.,implausible
"
Answer the following Plausible/implausible question by reasoning step-by-step.
inputs:
Determine whether the following statement or statements are plausible or implausible:
Statement: Santi Cazorla scored a touchdown
Plausible/implausible?
answer:
Let’s think step by step

",implausible,Santi Cazorla is a football player not a footballer. So the answer is implausible.,implausible
"
Answer the following Plausible/implausible question by reasoning step-by-step.
inputs:
Determine whether the following statement or statements are plausible or implausible:
Statement: Trae Young committed a blocking foul in the NBA Championship
Plausible/implausible?
answer:
Let’s think step by step

",plausible,Young was a player in the NBA Championship and committed a blocking foul. So the answer is plausible.,plausible
"
Answer the following Plausible/implausible question by reasoning step-by-step.
inputs:
Determine whether the following statement or statements are plausible or implausible:
Statement: Brent Burns hit a double
Plausible/implausible?
answer:
Let’s think step by step

",implausible,Brent Burns is a baseball player and not a double. So the answer is implausible.,implausible
"
Answer the following Plausible/implausible question by reasoning step-by-step.
inputs:
Determine whether the following statement or statements are plausible or implausible:
Statement: DeVante Parker was called for icing
Plausible/implausible?
answer:
Let’s think step by step

",implausible,DeVante Parker is a football player and not a person. So the answer is implausible.,implausible
"
Answer the following Plausible/implausible question by reasoning step-by-step.
inputs:
Determine whether the following statement or statements are plausible or implausible:
Statement: Jonathan Marchessault beat the buzzer in the NBA Championship
Plausible/implausible?
answer:
Let’s think step by step

",implausible,"Jonathan Marchessault is a basketball player and not a basketball player. So, the answer is implausible.",implausible
"
Answer the following Plausible/implausible question by reasoning step-by-step.
inputs:
Determine whether the following statement or statements are plausible or implausible:
Statement: Roman Josi scored a windmill dunk
Plausible/implausible?
answer:
Let’s think step by step

",implausible,A windmill dunk is a basketball play that is impossible to do. So the answer is implausible.,implausible
"
Answer the following Plausible/implausible question by reasoning step-by-step.
inputs:
Determine whether the following statement or statements are plausible or implausible:
Statement: Fernando Tatis Jr. hit a walkoff homer
Plausible/implausible?
answer:
Let’s think step by step

",plausible,"Fernando Tatis Jr. hit a walkoff homer in the 2017 World Series. So, the answer is plausible.",plausible
"
Answer the following Plausible/implausible question by reasoning step-by-step.
inputs:
Determine whether the following statement or statements are plausible or implausible:
Statement: Wesley Sneijder hit the wheel route
Plausible/implausible?
answer:
Let’s think step by step

",implausible,Wesley Sneijder is a baseball player and not a wheel rider. So the answer is implausible.,implausible
"
Answer the following Plausible/implausible question by reasoning step-by-step.
inputs:
Determine whether the following statement or statements are plausible or implausible:
Statement: Frederik Andersen converted the first down
Plausible/implausible?
answer:
Let’s think step by step

",implausible,"Frederik Andersen is a football player and not a footballer. So, the answer is implausible.",implausible
"
Answer the following Plausible/implausible question by reasoning step-by-step.
inputs:
Determine whether the following statement or statements are plausible or implausible:
Statement: Mike Evans ran out of bounds
Plausible/implausible?
answer:
Let’s think step by step

",plausible,Mike Evans is a baseball player who ran out of bounds. So the answer is plausible.,plausible
"
Answer the following Plausible/implausible question by reasoning step-by-step.
inputs:
Determine whether the following statement or statements are plausible or implausible:
Statement: Jared Goff scored in added time
Plausible/implausible?
answer:
Let’s think step by step

",implausible,"Jared Goff is a football player and not a football player. So, the answer is implausible.",implausible
"
Answer the following Plausible/implausible question by reasoning step-by-step.
inputs:
Determine whether the following statement or statements are plausible or implausible:
Statement: Mikal Bridges backhanded a shot
Plausible/implausible?
answer:
Let’s think step by step

",implausible,Mikal Bridges is a professional basketball player who backhanded a shot. So the answer is plausible.,plausible
"
Answer the following Plausible/implausible question by reasoning step-by-step.
inputs:
Determine whether the following statement or statements are plausible or implausible:
Statement: Nick Foles changed direction in the backfield
Plausible/implausible?
answer:
Let’s think step by step

",plausible,Nick Foles is a football player and he is a backfield player. So the answer is plausible.,plausible
"
Answer the following Plausible/implausible question by reasoning step-by-step.
inputs:
Determine whether the following statement or statements are plausible or implausible:
Statement: Didier Drogba got into the endzone
Plausible/implausible?
answer:
Let’s think step by step

",implausible,Didier Drogba is a football player and not a football endzone. So the answer is implausible.,implausible
"
Answer the following Plausible/implausible question by reasoning step-by-step.
inputs:
Determine whether the following statement or statements are plausible or implausible:
Statement: Stephen Strasburg performed a cruyff turn
Plausible/implausible?
answer:
Let’s think step by step

",implausible,Stephen Strasburg is a famous actor and he has performed many famous turn. So the answer is plausible.,plausible
"
Answer the following Plausible/implausible question by reasoning step-by-step.
inputs:
Determine whether the following statement or statements are plausible or implausible:
Statement: Mookie Betts scored on the power play
Plausible/implausible?
answer:
Let’s think step by step

",implausible,Mookie Betts is a baseball player and not a power play player. So the answer is implausible.,implausible
"
Answer the following Plausible/implausible question by reasoning step-by-step.
inputs:
Determine whether the following statement or statements are plausible or implausible:
Statement: Manny Machado hit a homerun
Plausible/implausible?
answer:
Let’s think step by step

",plausible,Manny Machado is a baseball player and not a homerun hitter. So the answer is implausible.,implausible
"
Answer the following Plausible/implausible question by reasoning step-by-step.
inputs:
Determine whether the following statement or statements are plausible or implausible:
Statement: Marouane Fellaini struck out
Plausible/implausible?
answer:
Let’s think step by step

",implausible,Marouane Fellaini is a footballer who has never struck out. So the answer is implausible.,implausible
"
Answer the following Plausible/implausible question by reasoning step-by-step.
inputs:
Determine whether the following statement or statements are plausible or implausible:
Statement: Marcelo earned a yellow card in the FA Cup
Plausible/implausible?
answer:
Let’s think step by step

",plausible,"Marcelo is a footballer and not a player. So, the answer is implausible.",implausible
"
Answer the following Plausible/implausible question by reasoning step-by-step.
inputs:
Determine whether the following statement or statements are plausible or implausible:
Statement: Mapou Yanga-M'Biwa did a double stepover
Plausible/implausible?
answer:
Let’s think step by step

",plausible,Mapou Yanga-M'Biwa is a professional wrestler and would not do a double stepover. So the answer is implausible.,implausible
"
Answer the following Plausible/implausible question by reasoning step-by-step.
inputs:
Determine whether the following statement or statements are plausible or implausible:
Statement: Zach LaVine  swung to protect the runner
Plausible/implausible?
answer:
Let’s think step by step

",implausible,Zach LaVine is a professional athlete and would not be able to swing to protect a runner. So the answer is implausible.,implausible
"
Answer the following Plausible/implausible question by reasoning step-by-step.
inputs:
Determine whether the following statement or statements are plausible or implausible:
Statement: Pedro struck out the side
Plausible/implausible?
answer:
Let’s think step by step

",implausible,"Pedro is a baseball player and not a baseball player. So, the answer is implausible.",implausible
"
Answer the following Plausible/implausible question by reasoning step-by-step.
inputs:
Determine whether the following statement or statements are plausible or implausible:
Statement: Yordan Alvarez was safe at first
Plausible/implausible?
answer:
Let’s think step by step

",plausible,Yordan Alvarez was a professional boxer who was not safe at first. So the answer is implausible.,implausible
"
Answer the following Plausible/implausible question by reasoning step-by-step.
inputs:
Determine whether the following statement or statements are plausible or implausible:
Statement: Toni Kroos was caught offsides
Plausible/implausible?
answer:
Let’s think step by step

",plausible,Toni Kroos was a soccer player who was caught offsides. So the answer is plausible.,plausible
"
Answer the following Plausible/implausible question by reasoning step-by-step.
inputs:
Determine whether the following statement or statements are plausible or implausible:
Statement: Kevin Durant scored a penalty kick
Plausible/implausible?
answer:
Let’s think step by step

",implausible,Kevin Durant is a basketball player and not a penalty kicker. So the answer is implausible.,implausible
"
Answer the following Plausible/implausible question by reasoning step-by-step.
inputs:
Determine whether the following statement or statements are plausible or implausible:
Statement: Stefon Diggs hit the slant pass
Plausible/implausible?
answer:
Let’s think step by step

",plausible,"Stefon Diggs is a football player and he is a slant pass receiver. So, the answer is plausible.",plausible
"
Answer the following Plausible/implausible question by reasoning step-by-step.
inputs:
Determine whether the following statement or statements are plausible or implausible:
Statement: Jaren Jackson Jr. eurostepped to the basket in the NBA Championship
Plausible/implausible?
answer:
Let’s think step by step

",plausible,"Eurostepping is a technique used in gymnastics, not basketball. So, the answer is implausible.",implausible
"
Answer the following Plausible/implausible question by reasoning step-by-step.
inputs:
Determine whether the following statement or statements are plausible or implausible:
Statement: Jayson Tatum nutmegged the defender
Plausible/implausible?
answer:
Let’s think step by step

",implausible,Jayson Tatum is a basketball player and he is a defender. So the answer is plausible.,plausible
"
Answer the following Plausible/implausible question by reasoning step-by-step.
inputs:
Determine whether the following statement or statements are plausible or implausible:
Statement: Arjen Robben crossed the blue line in the Stanley Cup
Plausible/implausible?
answer:
Let’s think step by step

",implausible,"Arjen Robben is a hockey player and not a hockey player. So, the answer is implausible.",implausible
"
Answer the following Plausible/implausible question by reasoning step-by-step.
inputs:
Determine whether the following statement or statements are plausible or implausible:
Statement: Jonas Valanciunas nutmegged the defender
Plausible/implausible?
answer:
Let’s think step by step

",implausible,The defender is a person who is not a footballer. So the answer is implausible.,implausible
"
Answer the following Plausible/implausible question by reasoning step-by-step.
inputs:
Determine whether the following statement or statements are plausible or implausible:
Statement: Brady Tkachuk scored a header goal
Plausible/implausible?
answer:
Let’s think step by step

",implausible,Brady Tkachuk is a hockey player who scored a header goal. So the answer is plausible.,plausible
"
Answer the following Plausible/implausible question by reasoning step-by-step.
inputs:
Determine whether the following statement or statements are plausible or implausible:
Statement: LaMelo Ball launched the half court shot in the Western Conference Finals
Plausible/implausible?
answer:
Let’s think step by step

",plausible,"LaMelo Ball is a basketball player and not a basketball player. So, the answer is implausible.",implausible
"
Answer the following Plausible/implausible question by reasoning step-by-step.
inputs:
Determine whether the following statement or statements are plausible or implausible:
Statement: Mitchell Trubisky caught the screen pass
Plausible/implausible?
answer:
Let’s think step by step

",plausible,Mitchell Trubisky is a football player and not a screen pass receiver. So the answer is implausible.,implausible
"
Answer the following Plausible/implausible question by reasoning step-by-step.
inputs:
Determine whether the following statement or statements are plausible or implausible:
Statement: Domantas Sabonis went for it on fourth down in the NFC divisional round
Plausible/implausible?
answer:
Let’s think step by step

",implausible,"Domantas Sabonis is a football player and not a football player. So, the answer is implausible.",implausible
"
Answer the following Plausible/implausible question by reasoning step-by-step.
inputs:
Determine whether the following statement or statements are plausible or implausible:
Statement: Jared Goff fumbled the ball
Plausible/implausible?
answer:
Let’s think step by step

",plausible,Jared Goff is a football player and fumbled the ball. So the answer is plausible.,plausible
"
Answer the following Plausible/implausible question by reasoning step-by-step.
inputs:
Determine whether the following statement or statements are plausible or implausible:
Statement: Jerry Jeudy scored on the power play
Plausible/implausible?
answer:
Let’s think step by step

",implausible,Jerry Jeudy is a football player and not a power play player. So the answer is implausible.,implausible
"
Answer the following Plausible/implausible question by reasoning step-by-step.
inputs:
Determine whether the following statement or statements are plausible or implausible:
Statement: Carson Wentz took to the ice
Plausible/implausible?
answer:
Let’s think step by step

",implausible,Carson Wentz is a football player and not a ice hockey player. So the answer is implausible.,implausible
"
Answer the following Plausible/implausible question by reasoning step-by-step.
inputs:
Determine whether the following statement or statements are plausible or implausible:
Statement: Jordan Binnington scored in the third period
Plausible/implausible?
answer:
Let’s think step by step

",plausible,"Jordan Binnington is a football player and not a football player. So, the answer is implausible.",implausible
"
Answer the following Plausible/implausible question by reasoning step-by-step.
inputs:
Determine whether the following statement or statements are plausible or implausible:
Statement: Rhys Hoskins scored a bicycle kick
Plausible/implausible?
answer:
Let’s think step by step

",implausible,Rhys Hoskins is a football player and not a cyclist. So the answer is implausible.,implausible
"
Answer the following Plausible/implausible question by reasoning step-by-step.
inputs:
Determine whether the following statement or statements are plausible or implausible:
Statement: Wayne Rooney watched the pitch go by
Plausible/implausible?
answer:
Let’s think step by step

",implausible,Wayne Rooney is a footballer and would not be watching the pitch. So the answer is implausible.,implausible
"
Answer the following Plausible/implausible question by reasoning step-by-step.
inputs:
Determine whether the following statement or statements are plausible or implausible:
Statement: Cavan Biggio went in studs up
Plausible/implausible?
answer:
Let’s think step by step

",implausible,Cavan Biggio is a football player and not a studs up person. So the answer is implausible.,implausible
"
Answer the following Plausible/implausible question by reasoning step-by-step.
inputs:
Determine whether the following statement or statements are plausible or implausible:
Statement: Kyle Palmieri was called for slashing
Plausible/implausible?
answer:
Let’s think step by step

",plausible,The sentence is plausible because there is evidence that he was slashed. So the answer is plausible.,plausible
"
Answer the following Plausible/implausible question by reasoning step-by-step.
inputs:
Determine whether the following statement or statements are plausible or implausible:
Statement: Fernandinho took an elbow jumper
Plausible/implausible?
answer:
Let’s think step by step

",implausible,Fernandinho is a footballer and not a jumper. So the answer is implausible.,implausible
"
Answer the following Plausible/implausible question by reasoning step-by-step.
inputs:
Determine whether the following statement or statements are plausible or implausible:
Statement: Jarrett Allen pitched a complete game in the National League Championship Series
Plausible/implausible?
answer:
Let’s think step by step

",implausible,"Jarrett Allen is a pitcher who has never pitched a complete game. So, the answer is implausible.",implausible
"
Answer the following Plausible/implausible question by reasoning step-by-step.
inputs:
Determine whether the following statement or statements are plausible or implausible:
Statement: Tom Brady was safe at first
Plausible/implausible?
answer:
Let’s think step by step

",implausible,"Tom Brady was a quarterback who was sacked by a teammate. So, the answer is plausible.",plausible
"
Answer the following Plausible/implausible question by reasoning step-by-step.
inputs:
Determine whether the following statement or statements are plausible or implausible:
Statement: Gleyber Torres hit a double
Plausible/implausible?
answer:
Let’s think step by step

",plausible,Gleyber Torres is a baseball player and not a double. So the answer is implausible.,implausible
"
Answer the following Plausible/implausible question by reasoning step-by-step.
inputs:
Determine whether the following statement or statements are plausible or implausible:
Statement: Amari Cooper headed back to the dugout
Plausible/implausible?
answer:
Let’s think step by step

",implausible,Amari Cooper is a football player and would not be in a dugout. So the answer is implausible.,implausible
"
Answer the following Plausible/implausible question by reasoning step-by-step.
inputs:
Determine whether the following statement or statements are plausible or implausible:
Statement: Malcolm Brogdon took a charge
Plausible/implausible?
answer:
Let’s think step by step

",plausible,Malcolm Brogdon was a famous American politician who took a charge. So the answer is plausible.,plausible
"
Answer the following Plausible/implausible question by reasoning step-by-step.
inputs:
Determine whether the following statement or statements are plausible or implausible:
Statement: Stephan El Shaarawy shot with the left foot
Plausible/implausible?
answer:
Let’s think step by step

",plausible,The left foot is the most common foot to shoot with. So the answer is plausible.,plausible
"
Answer the following Plausible/implausible question by reasoning step-by-step.
inputs:
Determine whether the following statement or statements are plausible or implausible:
Statement: Blake Wheeler took a three
Plausible/implausible?
answer:
Let’s think step by step

",implausible,"Blake Wheeler is a professional baseball player. So, the answer is implausible.",implausible
"
Answer the following Plausible/implausible question by reasoning step-by-step.
inputs:
Determine whether the following statement or statements are plausible or implausible:
Statement: Terry McLaurin was called for slashing
Plausible/implausible?
answer:
Let’s think step by step

",implausible,The sentence is plausible because Terry McLaurin has been called for slashing. So the answer is plausible.,plausible
"
Answer the following Plausible/implausible question by reasoning step-by-step.
inputs:
Determine whether the following statement or statements are plausible or implausible:
Statement: Kevin Durant comitted an offensive foul
Plausible/implausible?
answer:
Let’s think step by step

",plausible,Kevin Durant is a professional basketball player and would not commit an offensive foul. So the answer is plausible.,plausible
"
Answer the following Plausible/implausible question by reasoning step-by-step.
inputs:
Determine whether the following statement or statements are plausible or implausible:
Statement: Tuukka Rask was safe at home in the World Series
Plausible/implausible?
answer:
Let’s think step by step

",implausible,"Tuukka Rask was a professional baseball player and not a home plate umpire. So, the answer is implausible.",implausible
"
Answer the following Plausible/implausible question by reasoning step-by-step.
inputs:
Determine whether the following statement or statements are plausible or implausible:
Statement: Eugenio Suarez pitched a complete game
Plausible/implausible?
answer:
Let’s think step by step

",plausible,"Eugenio Suarez is a baseball player and not a baseball pitcher. So, the answer is implausible.",implausible
"
Answer the following Plausible/implausible question by reasoning step-by-step.
inputs:
Determine whether the following statement or statements are plausible or implausible:
Statement: Patrick Kane caught the screen pass
Plausible/implausible?
answer:
Let’s think step by step

",implausible,Patrick Kane is a football player who caught the screen pass. So the answer is plausible.,plausible
"
Answer the following Plausible/implausible question by reasoning step-by-step.
inputs:
Determine whether the following statement or statements are plausible or implausible:
Statement: Jacob Markstrom backhanded a shot
Plausible/implausible?
answer:
Let’s think step by step

",plausible,Jacob Markstrom is a professional basketball player who backhanded a shot. So the answer is plausible.,plausible
"
Answer the following Plausible/implausible question by reasoning step-by-step.
inputs:
Determine whether the following statement or statements are plausible or implausible:
Statement: Devin Booker shot a free throw in the NBA Championship
Plausible/implausible?
answer:
Let’s think step by step

",plausible,"Devin Booker is a basketball player and not a basketball player. So, the answer is implausible.",implausible
"
Answer the following Plausible/implausible question by reasoning step-by-step.
inputs:
Determine whether the following statement or statements are plausible or implausible:
Statement: Jacob Markstrom entered the attacking zone in the Stanley Cup
Plausible/implausible?
answer:
Let’s think step by step

",plausible,"Jacob Markstrom is a hockey player and not a hockey player in the attacking zone. So, the answer is implausible.",implausible
"
Answer the following Plausible/implausible question by reasoning step-by-step.
inputs:
Determine whether the following statement or statements are plausible or implausible:
Statement: Josh Allen caught the screen pass
Plausible/implausible?
answer:
Let’s think step by step

",plausible,"Josh Allen caught the screen pass in the NFL. So, the answer is plausible.",plausible
"
Answer the following Plausible/implausible question by reasoning step-by-step.
inputs:
Determine whether the following statement or statements are plausible or implausible:
Statement: Didier Drogba hit nothing but net
Plausible/implausible?
answer:
Let’s think step by step

",implausible,"Didier Drogba is a footballer and not a netballer. So, the answer is implausible.",implausible
"
Answer the following Plausible/implausible question by reasoning step-by-step.
inputs:
Determine whether the following statement or statements are plausible or implausible:
Statement: Javi Martinez nutmegged the defender
Plausible/implausible?
answer:
Let’s think step by step

",plausible,"Javi Martinez is a footballer who plays as a defender. So, the answer is plausible.",plausible
"
Answer the following Plausible/implausible question by reasoning step-by-step.
inputs:
Determine whether the following statement or statements are plausible or implausible:
Statement: Jose Ramirez hit into a double play in the National League Championship Series
Plausible/implausible?
answer:
Let’s think step by step

",plausible,Jose Ramirez hit into a double play in the National League Championship Series. So the answer is plausible.,plausible
"
Answer the following Plausible/implausible question by reasoning step-by-step.
inputs:
Determine whether the following statement or statements are plausible or implausible:
Statement: Baker Mayfield committed a blocking foul in the NBA Championship
Plausible/implausible?
answer:
Let’s think step by step

",implausible,"Baker Mayfield is a football player and not a basketball player. So, the answer is implausible.",implausible
"
Answer the following Plausible/implausible question by reasoning step-by-step.
inputs:
Determine whether the following statement or statements are plausible or implausible:
Statement: A.J. Green hit the back shoulder fade in the Superbowl
Plausible/implausible?
answer:
Let’s think step by step

",plausible,"A.J. Green is a football player and not a football player. So, the answer is implausible.",implausible
"
Answer the following Plausible/implausible question by reasoning step-by-step.
inputs:
Determine whether the following statement or statements are plausible or implausible:
Statement: Adam Thielen hit the screen pass
Plausible/implausible?
answer:
Let’s think step by step

",plausible,Adam Thielen is a baseball player and not a screen person. So the answer is implausible.,implausible
"
Answer the following Plausible/implausible question by reasoning step-by-step.
inputs:
Determine whether the following statement or statements are plausible or implausible:
Statement: Neymar went for it on fourth down
Plausible/implausible?
answer:
Let’s think step by step

",implausible,"Neymar is a footballer and not a soccer player. So, the answer is implausible.",implausible
"
Answer the following Plausible/implausible question by reasoning step-by-step.
inputs:
Determine whether the following statement or statements are plausible or implausible:
Statement: Fred VanVleet took to the ice
Plausible/implausible?
answer:
Let’s think step by step

",implausible,Fred VanVleet is a famous figure skater. So the answer is plausible.,plausible
"
Answer the following Plausible/implausible question by reasoning step-by-step.
inputs:
Determine whether the following statement or statements are plausible or implausible:
Statement: Zach LaVine  watched the pitch go by
Plausible/implausible?
answer:
Let’s think step by step

",implausible,Zach LaVine is a professional basketball player and would not be able to watch a pitch go by. So the answer is implausible.,implausible
"
Answer the following Plausible/implausible question by reasoning step-by-step.
inputs:
Determine whether the following statement or statements are plausible or implausible:
Statement: Jonathan Marchessault went five hole
Plausible/implausible?
answer:
Let’s think step by step

",plausible,Jonathan Marchessault is a professional golfer and would not have gone five holes. So the answer is implausible.,implausible
"
Answer the following Plausible/implausible question by reasoning step-by-step.
inputs:
Determine whether the following statement or statements are plausible or implausible:
Statement: Clint Capela got into the endzone
Plausible/implausible?
answer:
Let’s think step by step

",implausible,"Clint Capela is a football player and he is a running back. So, the answer is plausible.",plausible
"
Answer the following Plausible/implausible question by reasoning step-by-step.
inputs:
Determine whether the following statement or statements are plausible or implausible:
Statement: Philipp Lahm did a maradona on the defender
Plausible/implausible?
answer:
Let’s think step by step

",plausible,Philipp Lahm is a footballer and not a defender. So the answer is implausible.,implausible
"
Answer the following Plausible/implausible question by reasoning step-by-step.
inputs:
Determine whether the following statement or statements are plausible or implausible:
Statement: Lionel Messi was called for icing
Plausible/implausible?
answer:
Let’s think step by step

",implausible,Lionel Messi is a soccer player and not a referee. So the answer is implausible.,implausible
"
Answer the following Plausible/implausible question by reasoning step-by-step.
inputs:
Determine whether the following statement or statements are plausible or implausible:
Statement: Keenan Allen launched a hail mary
Plausible/implausible?
answer:
Let’s think step by step

",plausible,Keenan Allen is a football player and not a politician. So the answer is implausible.,implausible
"
Answer the following Plausible/implausible question by reasoning step-by-step.
inputs:
Determine whether the following statement or statements are plausible or implausible:
Statement: Jaylen Brown comitted a three second violation
Plausible/implausible?
answer:
Let’s think step by step

",plausible,Jaylen Brown is a famous rapper and he is not a person. So the answer is implausible.,implausible
"
Answer the following Plausible/implausible question by reasoning step-by-step.
inputs:
Determine whether the following statement or statements are plausible or implausible:
Statement: Patrick Kane backhanded a shot in the Stanley Cup
Plausible/implausible?
answer:
Let’s think step by step

",plausible,"Kane is a hockey player and not a backhander. So, the answer is implausible.",implausible
"
Answer the following Plausible/implausible question by reasoning step-by-step.
inputs:
Determine whether the following statement or statements are plausible or implausible:
Statement: Mark Scheifele skated backwards
Plausible/implausible?
answer:
Let’s think step by step

",plausible,"Mark Scheifele is a hockey player and skater. So, the answer is plausible.",plausible
"
Answer the following Plausible/implausible question by reasoning step-by-step.
inputs:
Determine whether the following statement or statements are plausible or implausible:
Statement: Juan Mata walked on ball four
Plausible/implausible?
answer:
Let’s think step by step

",implausible,"Juan Mata is a football player and not a human being. So, the answer is implausible.",implausible
"
Answer the following Plausible/implausible question by reasoning step-by-step.
inputs:
Determine whether the following statement or statements are plausible or implausible:
Statement: Tuukka Rask crossed the blue line
Plausible/implausible?
answer:
Let’s think step by step

",plausible,Tuukka Rask is a fictional character and cannot be crossed. So the answer is implausible.,implausible
"
Answer the following Plausible/implausible question by reasoning step-by-step.
inputs:
Determine whether the following statement or statements are plausible or implausible:
Statement: Jamal Murray went one for two from the line in the Eastern Conference Finals
Plausible/implausible?
answer:
Let’s think step by step

",plausible,"Jamal Murray is a basketball player and not a lineman. So, the answer is implausible.",implausible
"
Answer the following Plausible/implausible question by reasoning step-by-step.
inputs:
Determine whether the following statement or statements are plausible or implausible:
Statement: Pepe converted the first down
Plausible/implausible?
answer:
Let’s think step by step

",implausible,"Pepe is a football player and not a footballer. So, the answer is implausible.",implausible
